sample_id,label,measure,annotator_a,annotator_b,agree
LISA05,traffic_light,count,2,2,1
LISA05,traffic_light,attr:direction,non_directional|non_directional,non_directional|non_directional,1
LISA05,traffic_light,attr:relevance,relevant|relevant,relevant|relevant,1
LISA05,traffic_light,attr:review,none|none,none|none,1
LISA05,traffic_light,attr:state,green|green,green|green,1
LISA08,traffic_light,count,2,2,1
LISA08,traffic_light,attr:direction,non_directional|non_directional,non_directional|non_directional,1
LISA08,traffic_light,attr:relevance,relevant|relevant,relevant|relevant,1
LISA08,traffic_light,attr:review,none|none,none|none,1
LISA08,traffic_light,attr:state,green|green,green|green,1
LISA10,traffic_light,count,2,2,1
LISA10,traffic_light,attr:direction,non_directional|non_directional,non_directional|non_directional,1
LISA10,traffic_light,attr:relevance,not_relevant|relevant,relevant|relevant,0
LISA10,traffic_light,attr:review,none|none,none|none,1
LISA10,traffic_light,attr:state,green|green,green|green,1
LISA15,traffic_light,count,1,1,1
LISA15,traffic_light,attr:direction,non_directional,non_directional,1
LISA15,traffic_light,attr:relevance,relevant,relevant,1
LISA15,traffic_light,attr:review,none,none,1
LISA15,traffic_light,attr:state,red,unknown,0
LISA20,traffic_light,count,1,1,1
LISA20,traffic_light,attr:direction,straight,non_directional,0
LISA20,traffic_light,attr:relevance,relevant,relevant,1
LISA20,traffic_light,attr:review,none,none,1
LISA20,traffic_light,attr:state,green,green,1
LISA30,traffic_light,count,1,0,0
LISA30,traffic_light,attr:direction,non_directional,,0
LISA30,traffic_light,attr:relevance,not_relevant,,0
LISA30,traffic_light,attr:review,none,,0
LISA30,traffic_light,attr:state,red,,0
